budget_id,store_id,year,month,month_name,revenue_target,profit_target
1,1,2022,1,January,300546.13,60109.23
2,1,2022,2,February,290811.35,58162.27
3,1,2022,3,March,280030.74,56006.15
4,1,2022,4,April,256128.44,51225.69
5,1,2022,5,May,115967.49,23193.5
6,1,2022,6,June,245661.13,49132.23
7,1,2022,7,July,191825.93,38365.19
8,1,2022,8,August,235140.67,47028.13
9,1,2022,9,September,357377.7,71475.54
10,1,2022,10,October,357845.24,71569.05
11,1,2022,11,November,217261.96,43452.39
12,1,2022,12,December,273939.4,54787.88
13,1,2023,1,January,281506.67,56301.33
14,1,2023,2,February,314097.05,62819.41
15,1,2023,3,March,75983.81,15196.76
16,1,2023,4,April,249301.68,49860.34
17,1,2023,5,May,92667.78,18533.56
18,1,2023,6,June,158373.2,31674.64
19,1,2023,7,July,128942.66,25788.53
20,1,2023,8,August,275583.6,55116.72
21,1,2023,9,September,328611.5,65722.3
22,1,2023,10,October,315729.23,63145.85
23,1,2023,11,November,289051.18,57810.24
24,1,2023,12,December,309942.39,61988.48
25,1,2024,1,January,216345.07,43269.01
26,1,2024,2,February,146567.37,29313.47
27,1,2024,3,March,277562.07,55512.41
28,1,2024,4,April,226460.91,45292.18
29,1,2024,5,May,146434.03,29286.81
30,1,2024,6,June,215732.17,43146.43
31,1,2024,7,July,79727.86,15945.57
32,1,2024,8,August,214363.23,42872.65
33,1,2024,9,September,233253.08,46650.62
34,1,2024,10,October,232292.35,46458.47
35,1,2024,11,November,121639.25,24327.85
36,1,2024,12,December,426826.78,85365.36
37,2,2022,1,January,257764.43,51552.89
38,2,2022,2,February,345969.93,69193.99
39,2,2022,3,March,292878.79,58575.76
40,2,2022,4,April,221582.13,44316.43
41,2,2022,5,May,320690.93,64138.19
42,2,2022,6,June,170966.23,34193.25
43,2,2022,7,July,225492.07,45098.41
44,2,2022,8,August,324056.7,64811.34
45,2,2022,9,September,119982.81,23996.56
46,2,2022,10,October,310150.83,62030.17
47,2,2022,11,November,330918.9,66183.78
48,2,2022,12,December,401397.27,80279.45
49,2,2023,1,January,145428.08,29085.62
50,2,2023,2,February,193348.26,38669.65
51,2,2023,3,March,108994.06,21798.81
52,2,2023,4,April,274080.78,54816.16
53,2,2023,5,May,190544.73,38108.95
54,2,2023,6,June,282108.46,56421.69
55,2,2023,7,July,287495.08,57499.02
56,2,2023,8,August,203396.24,40679.25
57,2,2023,9,September,164780.72,32956.14
58,2,2023,10,October,368200.41,73640.08
59,2,2023,11,November,243176.74,48635.35
60,2,2023,12,December,112282.43,22456.49
61,2,2024,1,January,256314.96,51262.99
62,2,2024,2,February,354722.64,70944.53
63,2,2024,3,March,286316.3,57263.26
64,2,2024,4,April,165645.24,33129.05
65,2,2024,5,May,178460.35,35692.07
66,2,2024,6,June,192325.09,38465.02
67,2,2024,7,July,176916.38,35383.28
68,2,2024,8,August,135733.67,27146.73
69,2,2024,9,September,134079.83,26815.97
70,2,2024,10,October,368840.44,73768.09
71,2,2024,11,November,139119.99,27824.0
72,2,2024,12,December,354443.81,70888.76
73,3,2022,1,January,288256.5,57651.3
74,3,2022,2,February,187339.53,37467.91
75,3,2022,3,March,226737.08,45347.42
76,3,2022,4,April,159928.6,31985.72
77,3,2022,5,May,171488.42,34297.68
78,3,2022,6,June,189891.27,37978.25
79,3,2022,7,July,288352.51,57670.5
80,3,2022,8,August,207815.44,41563.09
81,3,2022,9,September,120933.32,24186.66
82,3,2022,10,October,352257.46,70451.49
83,3,2022,11,November,367055.79,73411.16
84,3,2022,12,December,121216.7,24243.34
85,3,2023,1,January,194243.6,38848.72
86,3,2023,2,February,322071.4,64414.28
87,3,2023,3,March,225527.0,45105.4
88,3,2023,4,April,138722.73,27744.55
89,3,2023,5,May,145832.93,29166.59
90,3,2023,6,June,268274.89,53654.98
91,3,2023,7,July,133245.17,26649.03
92,3,2023,8,August,199677.05,39935.41
93,3,2023,9,September,301666.26,60333.25
94,3,2023,10,October,153854.61,30770.92
95,3,2023,11,November,383042.6,76608.52
96,3,2023,12,December,182343.84,36468.77
97,3,2024,1,January,224216.15,44843.23
98,3,2024,2,February,335282.57,67056.51
99,3,2024,3,March,171133.45,34226.69
100,3,2024,4,April,66083.7,13216.74
101,3,2024,5,May,256431.48,51286.3
102,3,2024,6,June,168713.16,33742.63
103,3,2024,7,July,246404.89,49280.98
104,3,2024,8,August,134284.47,26856.89
105,3,2024,9,September,271906.57,54381.31
106,3,2024,10,October,344512.01,68902.4
107,3,2024,11,November,188668.77,37733.75
108,3,2024,12,December,179065.62,35813.12
109,4,2022,1,January,177002.41,35400.48
110,4,2022,2,February,241101.85,48220.37
111,4,2022,3,March,294582.47,58916.49
112,4,2022,4,April,117331.74,23466.35
113,4,2022,5,May,120607.27,24121.45
114,4,2022,6,June,227258.18,45451.64
115,4,2022,7,July,95565.89,19113.18
116,4,2022,8,August,196936.02,39387.2
117,4,2022,9,September,98895.82,19779.16
118,4,2022,10,October,154509.1,30901.82
119,4,2022,11,November,266130.99,53226.2
120,4,2022,12,December,135581.35,27116.27
121,4,2023,1,January,327095.78,65419.16
122,4,2023,2,February,118641.49,23728.3
123,4,2023,3,March,166954.51,33390.9
124,4,2023,4,April,238936.95,47787.39
125,4,2023,5,May,298622.14,59724.43
126,4,2023,6,June,215423.81,43084.76
127,4,2023,7,July,213950.38,42790.08
128,4,2023,8,August,256600.56,51320.11
129,4,2023,9,September,364100.94,72820.19
130,4,2023,10,October,198673.42,39734.68
131,4,2023,11,November,180389.61,36077.92
132,4,2023,12,December,208992.91,41798.58
133,4,2024,1,January,186960.36,37392.07
134,4,2024,2,February,302972.04,60594.41
135,4,2024,3,March,227550.42,45510.08
136,4,2024,4,April,80804.13,16160.83
137,4,2024,5,May,305336.59,61067.32
138,4,2024,6,June,149058.31,29811.66
139,4,2024,7,July,268581.84,53716.37
140,4,2024,8,August,270404.62,54080.92
141,4,2024,9,September,166070.96,33214.19
142,4,2024,10,October,111282.09,22256.42
143,4,2024,11,November,215266.96,43053.39
144,4,2024,12,December,427974.17,85594.83
145,5,2022,1,January,225783.9,45156.78
146,5,2022,2,February,85847.39,17169.48
147,5,2022,3,March,267373.25,53474.65
148,5,2022,4,April,222833.4,44566.68
149,5,2022,5,May,316627.12,63325.42
150,5,2022,6,June,221537.11,44307.42
151,5,2022,7,July,269099.17,53819.83
152,5,2022,8,August,216304.67,43260.93
153,5,2022,9,September,225024.43,45004.89
154,5,2022,10,October,132311.31,26462.26
155,5,2022,11,November,335705.77,67141.15
156,5,2022,12,December,227068.16,45413.63
157,5,2023,1,January,256394.99,51279.0
158,5,2023,2,February,177163.25,35432.65
159,5,2023,3,March,209231.62,41846.32
160,5,2023,4,April,272198.78,54439.76
161,5,2023,5,May,131031.21,26206.24
162,5,2023,6,June,139202.39,27840.48
163,5,2023,7,July,138425.03,27685.01
164,5,2023,8,August,249150.72,49830.14
165,5,2023,9,September,375304.77,75060.95
166,5,2023,10,October,324318.22,64863.64
167,5,2023,11,November,279554.27,55910.85
168,5,2023,12,December,380415.33,76083.07
169,5,2024,1,January,301853.28,60370.66
170,5,2024,2,February,153266.29,30653.26
171,5,2024,3,March,268491.16,53698.23
172,5,2024,4,April,222075.23,44415.05
173,5,2024,5,May,226883.21,45376.64
174,5,2024,6,June,138344.63,27668.93
175,5,2024,7,July,119767.39,23953.48
176,5,2024,8,August,190336.18,38067.24
177,5,2024,9,September,242811.26,48562.25
178,5,2024,10,October,155491.05,31098.21
179,5,2024,11,November,309289.05,61857.81
180,5,2024,12,December,226998.07,45399.61
181,6,2022,1,January,243733.84,48746.77
182,6,2022,2,February,176505.52,35301.1
183,6,2022,3,March,275241.15,55048.23
184,6,2022,4,April,98905.13,19781.03
185,6,2022,5,May,249832.2,49966.44
186,6,2022,6,June,283467.75,56693.55
187,6,2022,7,July,298986.22,59797.24
188,6,2022,8,August,230488.44,46097.69
189,6,2022,9,September,188844.17,37768.83
190,6,2022,10,October,324197.89,64839.58
191,6,2022,11,November,117973.09,23594.62
192,6,2022,12,December,455781.76,91156.35
193,6,2023,1,January,247266.94,49453.39
194,6,2023,2,February,175703.18,35140.64
195,6,2023,3,March,209153.1,41830.62
196,6,2023,4,April,78447.95,15689.59
197,6,2023,5,May,172395.78,34479.16
198,6,2023,6,June,201210.96,40242.19
199,6,2023,7,July,170018.38,34003.68
200,6,2023,8,August,110203.91,22040.78
201,6,2023,9,September,383066.93,76613.39
202,6,2023,10,October,148801.84,29760.37
203,6,2023,11,November,160446.58,32089.32
204,6,2023,12,December,121558.61,24311.72
205,6,2024,1,January,159179.96,31835.99
206,6,2024,2,February,167075.83,33415.17
207,6,2024,3,March,76756.7,15351.34
208,6,2024,4,April,237825.66,47565.13
209,6,2024,5,May,209292.61,41858.52
210,6,2024,6,June,151341.37,30268.27
211,6,2024,7,July,106149.02,21229.8
212,6,2024,8,August,310180.56,62036.11
213,6,2024,9,September,101321.28,20264.26
214,6,2024,10,October,176178.25,35235.65
215,6,2024,11,November,312451.29,62490.26
216,6,2024,12,December,435215.59,87043.12
217,7,2022,1,January,269000.59,53800.12
218,7,2022,2,February,255172.38,51034.48
219,7,2022,3,March,210412.67,42082.53
220,7,2022,4,April,259172.73,51834.55
221,7,2022,5,May,152929.32,30585.86
222,7,2022,6,June,184243.39,36848.68
223,7,2022,7,July,119532.37,23906.47
224,7,2022,8,August,244938.16,48987.63
225,7,2022,9,September,233114.1,46622.82
226,7,2022,10,October,279053.4,55810.68
227,7,2022,11,November,382064.12,76412.82
228,7,2022,12,December,294008.24,58801.65
229,7,2023,1,January,364146.34,72829.27
230,7,2023,2,February,305072.52,61014.5
231,7,2023,3,March,248003.49,49600.7
232,7,2023,4,April,88509.69,17701.94
233,7,2023,5,May,306815.02,61363.0
234,7,2023,6,June,127098.73,25419.75
235,7,2023,7,July,182246.5,36449.3
236,7,2023,8,August,296834.22,59366.84
237,7,2023,9,September,360167.61,72033.52
238,7,2023,10,October,275853.95,55170.79
239,7,2023,11,November,285949.7,57189.94
240,7,2023,12,December,143754.8,28750.96
241,7,2024,1,January,234462.88,46892.58
242,7,2024,2,February,244193.27,48838.65
243,7,2024,3,March,72898.74,14579.75
244,7,2024,4,April,135654.67,27130.93
245,7,2024,5,May,236483.61,47296.72
246,7,2024,6,June,292818.34,58563.67
247,7,2024,7,July,180816.5,36163.3
248,7,2024,8,August,101571.41,20314.28
249,7,2024,9,September,237739.18,47547.84
250,7,2024,10,October,319189.34,63837.87
251,7,2024,11,November,254107.61,50821.52
252,7,2024,12,December,133377.25,26675.45
253,8,2022,1,January,155735.53,31147.11
254,8,2022,2,February,203681.78,40736.36
255,8,2022,3,March,256301.63,51260.33
256,8,2022,4,April,103325.89,20665.18
257,8,2022,5,May,165749.81,33149.96
258,8,2022,6,June,200701.59,40140.32
259,8,2022,7,July,140600.74,28120.15
260,8,2022,8,August,332340.37,66468.07
261,8,2022,9,September,90748.65,18149.73
262,8,2022,10,October,138151.67,27630.33
263,8,2022,11,November,139361.41,27872.28
264,8,2022,12,December,150602.35,30120.47
265,8,2023,1,January,332931.19,66586.24
266,8,2023,2,February,227691.64,45538.33
267,8,2023,3,March,165896.86,33179.37
268,8,2023,4,April,202385.97,40477.19
269,8,2023,5,May,281396.38,56279.28
270,8,2023,6,June,218327.55,43665.51
271,8,2023,7,July,177309.59,35461.92
272,8,2023,8,August,83752.58,16750.52
273,8,2023,9,September,228262.55,45652.51
274,8,2023,10,October,283188.95,56637.79
275,8,2023,11,November,195956.59,39191.32
276,8,2023,12,December,359883.02,71976.6
277,8,2024,1,January,260757.69,52151.54
278,8,2024,2,February,362991.01,72598.2
279,8,2024,3,March,181814.8,36362.96
280,8,2024,4,April,229974.29,45994.86
281,8,2024,5,May,103954.98,20791.0
282,8,2024,6,June,181428.4,36285.68
283,8,2024,7,July,154764.64,30952.93
284,8,2024,8,August,206198.69,41239.74
285,8,2024,9,September,284322.76,56864.55
286,8,2024,10,October,171453.76,34290.75
287,8,2024,11,November,322073.34,64414.67
288,8,2024,12,December,184046.64,36809.33
289,9,2022,1,January,203826.52,40765.3
290,9,2022,2,February,357693.81,71538.76
291,9,2022,3,March,292367.91,58473.58
292,9,2022,4,April,79991.7,15998.34
293,9,2022,5,May,90469.45,18093.89
294,9,2022,6,June,317010.61,63402.12
295,9,2022,7,July,120510.62,24102.12
296,9,2022,8,August,299744.76,59948.95
297,9,2022,9,September,90774.84,18154.97
298,9,2022,10,October,160929.76,32185.95
299,9,2022,11,November,256994.48,51398.9
300,9,2022,12,December,212211.22,42442.24
301,9,2023,1,January,142260.48,28452.1
302,9,2023,2,February,317487.26,63497.45
303,9,2023,3,March,257410.17,51482.03
304,9,2023,4,April,268353.99,53670.8
305,9,2023,5,May,91231.77,18246.35
306,9,2023,6,June,214438.88,42887.78
307,9,2023,7,July,258845.26,51769.05
308,9,2023,8,August,196841.58,39368.32
309,9,2023,9,September,272792.66,54558.53
310,9,2023,10,October,372026.07,74405.21
311,9,2023,11,November,370351.62,74070.32
312,9,2023,12,December,206518.29,41303.66
313,9,2024,1,January,208622.79,41724.56
314,9,2024,2,February,104277.22,20855.44
315,9,2024,3,March,119495.6,23899.12
316,9,2024,4,April,207920.89,41584.18
317,9,2024,5,May,306240.95,61248.19
318,9,2024,6,June,323313.44,64662.69
319,9,2024,7,July,112944.15,22588.83
320,9,2024,8,August,192636.53,38527.31
321,9,2024,9,September,177242.37,35448.47
322,9,2024,10,October,298181.94,59636.39
323,9,2024,11,November,200441.55,40088.31
324,9,2024,12,December,198774.86,39754.97
325,10,2022,1,January,154862.66,30972.53
326,10,2022,2,February,190433.5,38086.7
327,10,2022,3,March,140738.6,28147.72
328,10,2022,4,April,187947.79,37589.56
329,10,2022,5,May,232561.36,46512.27
330,10,2022,6,June,189044.27,37808.85
331,10,2022,7,July,205704.58,41140.92
332,10,2022,8,August,83519.83,16703.97
333,10,2022,9,September,300127.42,60025.48
334,10,2022,10,October,148596.12,29719.22
335,10,2022,11,November,127890.28,25578.06
336,10,2022,12,December,175800.86,35160.17
337,10,2023,1,January,129295.74,25859.15
338,10,2023,2,February,150547.76,30109.55
339,10,2023,3,March,264315.74,52863.15
340,10,2023,4,April,215472.76,43094.55
341,10,2023,5,May,277233.19,55446.64
342,10,2023,6,June,309609.97,61921.99
343,10,2023,7,July,120499.0,24099.8
344,10,2023,8,August,271438.39,54287.68
345,10,2023,9,September,244816.99,48963.4
346,10,2023,10,October,223085.12,44617.02
347,10,2023,11,November,398920.42,79784.08
348,10,2023,12,December,278518.63,55703.73
349,10,2024,1,January,200952.64,40190.53
350,10,2024,2,February,101937.38,20387.48
351,10,2024,3,March,241676.52,48335.3
352,10,2024,4,April,182468.36,36493.67
353,10,2024,5,May,131160.35,26232.07
354,10,2024,6,June,210797.53,42159.51
355,10,2024,7,July,263114.36,52622.87
356,10,2024,8,August,206020.22,41204.04
357,10,2024,9,September,96664.38,19332.88
358,10,2024,10,October,203444.33,40688.87
359,10,2024,11,November,192580.18,38516.04
360,10,2024,12,December,465808.17,93161.63
